Product;Odour intensity;Odour typicality;Pulpiness;Intensity of taste;Acidity;Bitterness;Sweetness;Glucose;Fructose;Saccharose;Sweetening power;pH;Citric acid;Vitamin C;Way of preserving;Origin
Pampryl amb.;2.82;2.53;1.66;3.46;3.15;2.97;2.6;25.32;27.36;36.45;89.95;3.59;0.84;43.44;Ambient;Other
Tropicana amb.;2.76;2.82;1.91;3.23;2.55;2.08;3.32;17.33;20;44.15;82.55;3.89;0.67;32.7;Ambient;Florida
Fruvita fr.;2.83;2.88;4;3.45;2.42;1.76;3.38;23.65;25.65;52.12;102.22;3.85;0.69;37;Fresh;Florida
Joker amb.;2.76;2.59;1.66;3.37;3.05;2.56;2.8;32.42;34.54;22.92;90.71;3.6;0.95;36.6;Ambient;Other
Tropicana fr.;3.2;3.02;3.69;3.12;2.33;1.97;3.34;22.7;25.32;45.8;94.87;3.82;0.71;39.5;Fresh;Florida
Pampryl fr.;3.07;2.73;3.34;3.54;3.31;2.63;2.9;27.16;29.48;38.94;96.51;3.68;0.74;27;Fresh;Other
